{
  "timestamp": "2026-03-19",
  "model": "best_transformer.pt",
  "holdout_pct": "20%",
  "results": {
    "BTCUSD": {
      "trades": 196,
      "win_rate": 46.93877551020408,
      "total_return": 3.3202770621929556,
      "total_pnl": 3320.2770621929667,
      "profit_factor": 1.1546365158496363,
      "max_dd": 2.852187314700407,
      "sharpe": 0.8698415812534253,
      "rr_ratio": 1.3052412787865453,
      "exit_reasons": {
        "SL_HIT": 55,
        "H1_INSIDE_BAR": 134,
        "TP_HIT": 7
      }
    },
    "ETHUSD": {
      "trades": 228,
      "win_rate": 42.54385964912281,
      "total_return": 5.711040557545055,
      "total_pnl": 5711.040557545057,
      "profit_factor": 1.190831071805538,
      "max_dd": 2.9055195903603734,
      "sharpe": 1.0700303584729678,
      "rr_ratio": 1.60823577738686,
      "exit_reasons": {
        "H1_INSIDE_BAR": 135,
        "SL_HIT": 80,
        "TP_HIT": 13
      }
    },
    "US100_cash": {
      "trades": 113,
      "win_rate": 48.67256637168141,
      "total_return": 0.16415845881356805,
      "total_pnl": 164.15845881357382,
      "profit_factor": 1.022657115978932,
      "max_dd": 1.6581741152567147,
      "sharpe": 0.14266660704183715,
      "rr_ratio": 1.0784384132141458,
      "exit_reasons": {
        "H1_INSIDE_BAR": 101,
        "SL_HIT": 12
      }
    },
    "US30_cash": {
      "trades": 117,
      "win_rate": 57.26495726495726,
      "total_return": 0.05390465101384745,
      "total_pnl": 53.90465101384325,
      "profit_factor": 1.0094982826724417,
      "max_dd": 1.7844949198475075,
      "sharpe": 0.06291612796115745,
      "rr_ratio": 0.7533569273674933,
      "exit_reasons": {
        "H1_INSIDE_BAR": 107,
        "SL_HIT": 10
      }
    },
    "XAUUSD": {
      "trades": 168,
      "win_rate": 44.047619047619044,
      "total_return": 2.6055057127935655,
      "total_pnl": 2605.5057127935725,
      "profit_factor": 1.141654203243236,
      "max_dd": 4.409872705675317,
      "sharpe": 0.7978408564944899,
      "rr_ratio": 1.4193538743024008,
      "exit_reasons": {
        "H1_INSIDE_BAR": 110,
        "TP_HIT": 7,
        "SL_HIT": 49,
        "DAILY_COOLDOWN": 2
      }
    }
  }
}