{
  "mean": [
    0.4746575951576233,
    0.25962135195732117,
    0.2656327784061432,
    0.009271708317101002,
    0.03259303793311119,
    0.029987994581460953,
    0.06373749673366547,
    0.0653461366891861,
    0.1402881145477295,
    1.0197474956512451,
    0.013951132073998451,
    -0.0008443377446383238,
    0.06280112266540527,
    0.06232893094420433,
    0.018463386222720146,
    0.008695478551089764,
    -1.2004801646980923e-05,
    0.12296248227357864,
    0.1253250390291214,
    0.1485034078359604,
    0.1538495421409607,
    0.23037691414356232,
    0.23370416462421417,
    0.0020905027631670237,
    -0.03527151420712471,
    0.0867667943239212,
    -0.036594923585653305,
    -2.678066493899678e-06
  ],
  "std": [
    0.26906052231788635,
    0.21736708283424377,
    0.21965739130973816,
    0.9972540736198425,
    0.1773972064256668,
    0.17071117460727692,
    0.24410289525985718,
    0.2468789517879486,
    0.3470645844936371,
    0.3937850594520569,
    0.6282152533531189,
    0.15053114295005798,
    0.24251846969127655,
    0.24177861213684082,
    0.7653932571411133,
    0.32700085639953613,
    0.15653052926063538,
    0.14107225835323334,
    0.14636768400669098,
    0.3553004562854767,
    0.3606429994106293,
    0.2851089537143707,
    0.27938348054885864,
    0.7205298542976379,
    0.6926080584526062,
    0.7075920104980469,
    0.6999987363815308,
    0.0013700984418392181
  ]
}