{
  "m5_features": {
    "mean": [
      0.4746575951576233,
      0.25962135195732117,
      0.2656327784061432,
      0.009271708317101002,
      0.03259303793311119,
      0.029987994581460953,
      0.06373749673366547,
      0.0653461366891861,
      0.1402881145477295,
      1.0197474956512451,
      0.013951132073998451,
      -0.0008443377446383238,
      0.06280112266540527,
      0.06232893094420433,
      0.018463386222720146,
      0.008695478551089764,
      -1.2004801646980923e-05,
      0.12296248227357864,
      0.1253250390291214,
      0.1485034078359604,
      0.1538495421409607,
      0.23037691414356232,
      0.23370416462421417,
      0.0020905027631670237,
      -0.03527151420712471,
      0.0867667943239212,
      -0.036594923585653305,
      -2.678066493899678e-06
    ],
    "std": [
      0.26906052231788635,
      0.21736708283424377,
      0.21965739130973816,
      0.9972540736198425,
      0.1773972064256668,
      0.17071117460727692,
      0.24410289525985718,
      0.2468789517879486,
      0.3470645844936371,
      0.3937850594520569,
      0.6282152533531189,
      0.15053114295005798,
      0.24251846969127655,
      0.24177861213684082,
      0.7653932571411133,
      0.32700085639953613,
      0.15653052926063538,
      0.14107225835323334,
      0.14636768400669098,
      0.3553004562854767,
      0.3606429994106293,
      0.2851089537143707,
      0.27938348054885864,
      0.7205298542976379,
      0.6926080584526062,
      0.7075920104980469,
      0.6999987363815308,
      0.0013700984418392181
    ]
  },
  "h1_features": {
    "mean": [
      0.44445326924324036,
      0.2676542103290558,
      0.28789275884628296,
      0.02474471554160118,
      0.0870102122426033,
      0.07166943699121475,
      0.11127997934818268,
      0.11028259247541428,
      0.1639515608549118,
      0.9870162606239319,
      0.0,
      0.0,
      0.1348373293876648,
      0.13744953274726868,
      0.013520929031074047,
      0.0,
      0.0,
      0.0,
      0.0,
      0.0,
      0.0,
      0.0,
      0.0,
      0.0007698478293605149,
      -0.0002348243142478168,
      3.9632630510766376e-11,
      0.0026121048722416162,
      -3.2153511710930616e-05
    ],
    "std": [
      0.2544940412044525,
      0.20215259492397308,
      0.20986312627792358,
      0.9997219443321228,
      0.2818436324596405,
      0.2579279839992523,
      0.31444403529167175,
      0.3132734000682831,
      0.3702087998390198,
      0.5020228624343872,
      9.99999993922529e-09,
      9.99999993922529e-09,
      0.34153681993484497,
      0.3443218767642975,
      0.5503833293914795,
      9.99999993922529e-09,
      9.99999993922529e-09,
      9.99999993922529e-09,
      9.99999993922529e-09,
      9.99999993922529e-09,
      9.99999993922529e-09,
      9.99999993922529e-09,
      9.99999993922529e-09,
      0.7069581747055054,
      0.7072581648826599,
      0.7061827778816223,
      0.7080298662185669,
      0.0044913324527442455
    ]
  },
  "h4_features": {
    "mean": [
      0.44499894976615906,
      0.2620891034603119,
      0.2929110825061798,
      0.03311985358595848,
      0.08691674470901489,
      0.06331198662519455,
      0.11418115347623825,
      0.10905764251947403,
      0.19707228243350983,
      1.0115388631820679,
      0.0,
      0.0,
      0.13870082795619965,
      0.14272643625736237,
      0.03060387820005417,
      0.0,
      0.0,
      0.0,
      0.0,
      0.0,
      0.0,
      0.0,
      0.0,
      0.00125426787417382,
      -0.0006641955696977675,
      0.0022623485419899225,
      0.012778885662555695,
      -0.00012399544357322156
    ],
    "std": [
      0.25308847427368164,
      0.1952417939901352,
      0.20547667145729065,
      0.9994675517082214,
      0.28172051906585693,
      0.24352186918258667,
      0.31802642345428467,
      0.31171688437461853,
      0.3977831304073334,
      0.5774105787277222,
      9.99999993922529e-09,
      9.99999993922529e-09,
      0.34562423825263977,
      0.3498058021068573,
      0.7358680963516235,
      9.99999993922529e-09,
      9.99999993922529e-09,
      9.99999993922529e-09,
      9.99999993922529e-09,
      9.99999993922529e-09,
      9.99999993922529e-09,
      9.99999993922529e-09,
      9.99999993922529e-09,
      0.7069201469421387,
      0.7072943449020386,
      0.7020640969276428,
      0.711984395980835,
      0.00924715492874384
    ]
  }
}