{
  "mean": [
    -1.4606397598981857e-05,
    82.44283294677734,
    0.9822862148284912,
    50.33401870727539,
    0.45318955183029175,
    0.9830383062362671,
    0.00464627193287015,
    -0.025542622432112694,
    0.07119062542915344,
    0.07436985522508621
  ],
  "std": [
    0.0025879228487610817,
    126.59605407714844,
    0.5568329095840454,
    12.342405319213867,
    0.25863856077194214,
    0.3172212839126587,
    0.7174888849258423,
    0.6961709856987,
    0.704123854637146,
    0.7024802565574646
  ]
}